countries:
 - id: 1
   iso: AF
   name: AFGHANISTAN
   printable_name: Afghanistan
   iso3: AFG
   numcode: 4
 - id: 2
   iso: AL
   name: ALBANIA
   printable_name: Albania
   iso3: ALB
   numcode: 8
 - id: 3
   iso: DZ
   name: ALGERIA
   printable_name: Algeria
   iso3: DZA
   numcode: 12
 - id: 4
   iso: AS
   name: AMERICAN SAMOA
   printable_name: American Samoa
   iso3: ASM
   numcode: 16
 - id: 5
   iso: AD
   name: ANDORRA
   printable_name: Andorra
   iso3: AND
   numcode: 20
 - id: 6
   iso: AO
   name: ANGOLA
   printable_name: Angola
   iso3: AGO
   numcode: 24
 - id: 7
   iso: AI
   name: ANGUILLA
   printable_name: Anguilla
   iso3: AIA
   numcode: 660
 - id: 8
   iso: AQ
   name: ANTARCTICA
   printable_name: Antarctica
   iso3: 
   numcode: 0
 - id: 9
   iso: AG
   name: ANTIGUA AND BARBUDA
   printable_name: Antigua and Barbuda
   iso3: ATG
   numcode: 28
 - id: 10
   iso: AR
   name: ARGENTINA
   printable_name: Argentina
   iso3: ARG
   numcode: 32
 - id: 11
   iso: AM
   name: ARMENIA
   printable_name: Armenia
   iso3: ARM
   numcode: 51
 - id: 12
   iso: AW
   name: ARUBA
   printable_name: Aruba
   iso3: ABW
   numcode: 533
 - id: 13
   iso: AU
   name: AUSTRALIA
   printable_name: Australia
   iso3: AUS
   numcode: 36
 - id: 14
   iso: AT
   name: AUSTRIA
   printable_name: Austria
   iso3: AUT
   numcode: 40
 - id: 15
   iso: AZ
   name: AZERBAIJAN
   printable_name: Azerbaijan
   iso3: AZE
   numcode: 31
 - id: 16
   iso: BS
   name: BAHAMAS
   printable_name: Bahamas
   iso3: BHS
   numcode: 44
 - id: 17
   iso: BH
   name: BAHRAIN
   printable_name: Bahrain
   iso3: BHR
   numcode: 48
 - id: 18
   iso: BD
   name: BANGLADESH
   printable_name: Bangladesh
   iso3: BGD
   numcode: 50
 - id: 19
   iso: BB
   name: BARBADOS
   printable_name: Barbados
   iso3: BRB
   numcode: 52
 - id: 20
   iso: BY
   name: BELARUS
   printable_name: Belarus
   iso3: BLR
   numcode: 112
 - id: 21
   iso: BE
   name: BELGIUM
   printable_name: Belgium
   iso3: BEL
   numcode: 56
 - id: 22
   iso: BZ
   name: BELIZE
   printable_name: Belize
   iso3: BLZ
   numcode: 84
 - id: 23
   iso: BJ
   name: BENIN
   printable_name: Benin
   iso3: BEN
   numcode: 204
 - id: 24
   iso: BM
   name: BERMUDA
   printable_name: Bermuda
   iso3: BMU
   numcode: 60
 - id: 25
   iso: BT
   name: BHUTAN
   printable_name: Bhutan
   iso3: BTN
   numcode: 64
 - id: 26
   iso: BO
   name: BOLIVIA
   printable_name: Bolivia
   iso3: BOL
   numcode: 68
 - id: 27
   iso: BA
   name: BOSNIA AND HERZEGOVINA
   printable_name: Bosnia and Herzegovina
   iso3: BIH
   numcode: 70
 - id: 28
   iso: BW
   name: BOTSWANA
   printable_name: Botswana
   iso3: BWA
   numcode: 72
 - id: 29
   iso: BV
   name: BOUVET ISLAND
   printable_name: Bouvet Island
   iso3: 
   numcode: 0
 - id: 30
   iso: BR
   name: BRAZIL
   printable_name: Brazil
   iso3: BRA
   numcode: 76
 - id: 31
   iso: IO
   name: BRITISH INDIAN OCEAN TERRITORY
   printable_name: British Indian Ocean Territory
   iso3: 
   numcode: 0
 - id: 32
   iso: BN
   name: BRUNEI DARUSSALAM
   printable_name: Brunei Darussalam
   iso3: BRN
   numcode: 96
 - id: 33
   iso: BG
   name: BULGARIA
   printable_name: Bulgaria
   iso3: BGR
   numcode: 100
 - id: 34
   iso: BF
   name: BURKINA FASO
   printable_name: Burkina Faso
   iso3: BFA
   numcode: 854
 - id: 35
   iso: BI
   name: BURUNDI
   printable_name: Burundi
   iso3: BDI
   numcode: 108
 - id: 36
   iso: KH
   name: CAMBODIA
   printable_name: Cambodia
   iso3: KHM
   numcode: 116
 - id: 37
   iso: CM
   name: CAMEROON
   printable_name: Cameroon
   iso3: CMR
   numcode: 120
 - id: 38
   iso: CA
   name: CANADA
   printable_name: Canada
   iso3: CAN
   numcode: 124
 - id: 39
   iso: CV
   name: CAPE VERDE
   printable_name: Cape Verde
   iso3: CPV
   numcode: 132
 - id: 40
   iso: KY
   name: CAYMAN ISLANDS
   printable_name: Cayman Islands
   iso3: CYM
   numcode: 136
 - id: 41
   iso: CF
   name: CENTRAL AFRICAN REPUBLIC
   printable_name: Central African Republic
   iso3: CAF
   numcode: 140
 - id: 42
   iso: TD
   name: CHAD
   printable_name: Chad
   iso3: TCD
   numcode: 148
 - id: 43
   iso: CL
   name: CHILE
   printable_name: Chile
   iso3: CHL
   numcode: 152
 - id: 44
   iso: CN
   name: CHINA
   printable_name: China
   iso3: CHN
   numcode: 156
 - id: 45
   iso: CX
   name: CHRISTMAS ISLAND
   printable_name: Christmas Island
   iso3: 
   numcode: 0
 - id: 46
   iso: CC
   name: COCOS (KEELING) ISLANDS
   printable_name: Cocos (Keeling) Islands
   iso3: 
   numcode: 0
 - id: 47
   iso: CO
   name: COLOMBIA
   printable_name: Colombia
   iso3: COL
   numcode: 170
 - id: 48
   iso: KM
   name: COMOROS
   printable_name: Comoros
   iso3: COM
   numcode: 174
 - id: 49
   iso: CG
   name: CONGO
   printable_name: Congo
   iso3: COG
   numcode: 178
 - id: 50
   iso: CD
   name: CONGO, THE DEMOCRATIC REPUBLIC OF THE
   printable_name: Congo, the Democratic Republic of the
   iso3: COD
   numcode: 180
 - id: 51
   iso: CK
   name: COOK ISLANDS
   printable_name: Cook Islands
   iso3: COK
   numcode: 184
 - id: 52
   iso: CR
   name: COSTA RICA
   printable_name: Costa Rica
   iso3: CRI
   numcode: 188
 - id: 53
   iso: CI
   name: COTE D'IVOIRE
   printable_name: Cote D'Ivoire
   iso3: CIV
   numcode: 384
 - id: 54
   iso: HR
   name: CROATIA
   printable_name: Croatia
   iso3: HRV
   numcode: 191
 - id: 55
   iso: CU
   name: CUBA
   printable_name: Cuba
   iso3: CUB
   numcode: 192
 - id: 56
   iso: CY
   name: CYPRUS
   printable_name: Cyprus
   iso3: CYP
   numcode: 196
 - id: 57
   iso: CZ
   name: CZECH REPUBLIC
   printable_name: Czech Republic
   iso3: CZE
   numcode: 203
 - id: 58
   iso: DK
   name: DENMARK
   printable_name: Denmark
   iso3: DNK
   numcode: 208
 - id: 59
   iso: DJ
   name: DJIBOUTI
   printable_name: Djibouti
   iso3: DJI
   numcode: 262
 - id: 60
   iso: DM
   name: DOMINICA
   printable_name: Dominica
   iso3: DMA
   numcode: 212
 - id: 61
   iso: DO
   name: DOMINICAN REPUBLIC
   printable_name: Dominican Republic
   iso3: DOM
   numcode: 214
 - id: 62
   iso: EC
   name: ECUADOR
   printable_name: Ecuador
   iso3: ECU
   numcode: 218
 - id: 63
   iso: EG
   name: EGYPT
   printable_name: Egypt
   iso3: EGY
   numcode: 818
 - id: 64
   iso: SV
   name: EL SALVADOR
   printable_name: El Salvador
   iso3: SLV
   numcode: 222
 - id: 65
   iso: GQ
   name: EQUATORIAL GUINEA
   printable_name: Equatorial Guinea
   iso3: GNQ
   numcode: 226
 - id: 66
   iso: ER
   name: ERITREA
   printable_name: Eritrea
   iso3: ERI
   numcode: 232
 - id: 67
   iso: EE
   name: ESTONIA
   printable_name: Estonia
   iso3: EST
   numcode: 233
 - id: 68
   iso: ET
   name: ETHIOPIA
   printable_name: Ethiopia
   iso3: ETH
   numcode: 231
 - id: 69
   iso: FK
   name: FALKLAND ISLANDS (MALVINAS)
   printable_name: Falkland Islands (Malvinas)
   iso3: FLK
   numcode: 238
 - id: 70
   iso: FO
   name: FAROE ISLANDS
   printable_name: Faroe Islands
   iso3: FRO
   numcode: 234
 - id: 71
   iso: FJ
   name: FIJI
   printable_name: Fiji
   iso3: FJI
   numcode: 242
 - id: 72
   iso: FI
   name: FINLAND
   printable_name: Finland
   iso3: FIN
   numcode: 246
 - id: 73
   iso: FR
   name: FRANCE
   printable_name: France
   iso3: FRA
   numcode: 250
 - id: 74
   iso: GF
   name: FRENCH GUIANA
   printable_name: French Guiana
   iso3: GUF
   numcode: 254
 - id: 75
   iso: PF
   name: FRENCH POLYNESIA
   printable_name: French Polynesia
   iso3: PYF
   numcode: 258
 - id: 76
   iso: TF
   name: FRENCH SOUTHERN TERRITORIES
   printable_name: French Southern Territories
   iso3: 
   numcode: 0
 - id: 77
   iso: GA
   name: GABON
   printable_name: Gabon
   iso3: GAB
   numcode: 266
 - id: 78
   iso: GM
   name: GAMBIA
   printable_name: Gambia
   iso3: GMB
   numcode: 270
 - id: 79
   iso: GE
   name: GEORGIA
   printable_name: Georgia
   iso3: GEO
   numcode: 268
 - id: 80
   iso: DE
   name: GERMANY
   printable_name: Germany
   iso3: DEU
   numcode: 276
 - id: 81
   iso: GH
   name: GHANA
   printable_name: Ghana
   iso3: GHA
   numcode: 288
 - id: 82
   iso: GI
   name: GIBRALTAR
   printable_name: Gibraltar
   iso3: GIB
   numcode: 292
 - id: 83
   iso: GR
   name: GREECE
   printable_name: Greece
   iso3: GRC
   numcode: 300
 - id: 84
   iso: GL
   name: GREENLAND
   printable_name: Greenland
   iso3: GRL
   numcode: 304
 - id: 85
   iso: GD
   name: GRENADA
   printable_name: Grenada
   iso3: GRD
   numcode: 308
 - id: 86
   iso: GP
   name: GUADELOUPE
   printable_name: Guadeloupe
   iso3: GLP
   numcode: 312
 - id: 87
   iso: GU
   name: GUAM
   printable_name: Guam
   iso3: GUM
   numcode: 316
 - id: 88
   iso: GT
   name: GUATEMALA
   printable_name: Guatemala
   iso3: GTM
   numcode: 320
 - id: 89
   iso: GN
   name: GUINEA
   printable_name: Guinea
   iso3: GIN
   numcode: 324
 - id: 90
   iso: GW
   name: GUINEA-BISSAU
   printable_name: Guinea-Bissau
   iso3: GNB
   numcode: 624
 - id: 91
   iso: GY
   name: GUYANA
   printable_name: Guyana
   iso3: GUY
   numcode: 328
 - id: 92
   iso: HT
   name: HAITI
   printable_name: Haiti
   iso3: HTI
   numcode: 332
 - id: 93
   iso: HM
   name: HEARD ISLAND AND MCDONALD ISLANDS
   printable_name: Heard Island and Mcdonald Islands
   iso3: 
   numcode: 0
 - id: 94
   iso: VA
   name: HOLY SEE (VATICAN CITY STATE)
   printable_name: Holy See (Vatican City State)
   iso3: VAT
   numcode: 336
 - id: 95
   iso: HN
   name: HONDURAS
   printable_name: Honduras
   iso3: HND
   numcode: 340
 - id: 96
   iso: HK
   name: HONG KONG
   printable_name: Hong Kong
   iso3: HKG
   numcode: 344
 - id: 97
   iso: HU
   name: HUNGARY
   printable_name: Hungary
   iso3: HUN
   numcode: 348
 - id: 98
   iso: IS
   name: ICELAND
   printable_name: Iceland
   iso3: ISL
   numcode: 352
 - id: 99
   iso: IN
   name: INDIA
   printable_name: India
   iso3: IND
   numcode: 356
 - id: 100
   iso: ID
   name: INDONESIA
   printable_name: Indonesia
   iso3: IDN
   numcode: 360
 - id: 101
   iso: IR
   name: IRAN, ISLAMIC REPUBLIC OF
   printable_name: Iran, Islamic Republic of
   iso3: IRN
   numcode: 364
 - id: 102
   iso: IQ
   name: IRAQ
   printable_name: Iraq
   iso3: IRQ
   numcode: 368
 - id: 103
   iso: IE
   name: IRELAND
   printable_name: Ireland
   iso3: IRL
   numcode: 372
 - id: 104
   iso: IL
   name: ISRAEL
   printable_name: Israel
   iso3: ISR
   numcode: 376
 - id: 105
   iso: IT
   name: ITALY
   printable_name: Italy
   iso3: ITA
   numcode: 380
 - id: 106
   iso: JM
   name: JAMAICA
   printable_name: Jamaica
   iso3: JAM
   numcode: 388
 - id: 107
   iso: JP
   name: JAPAN
   printable_name: Japan
   iso3: JPN
   numcode: 392
 - id: 108
   iso: JO
   name: JORDAN
   printable_name: Jordan
   iso3: JOR
   numcode: 400
 - id: 109
   iso: KZ
   name: KAZAKHSTAN
   printable_name: Kazakhstan
   iso3: KAZ
   numcode: 398
 - id: 110
   iso: KE
   name: KENYA
   printable_name: Kenya
   iso3: KEN
   numcode: 404
 - id: 111
   iso: KI
   name: KIRIBATI
   printable_name: Kiribati
   iso3: KIR
   numcode: 296
 - id: 112
   iso: KP
   name: KOREA, DEMOCRATIC PEOPLE'S REPUBLIC OF
   printable_name: Korea, Democratic People's Republic of
   iso3: PRK
   numcode: 408
 - id: 113
   iso: KR
   name: KOREA, REPUBLIC OF
   printable_name: Korea, Republic of
   iso3: KOR
   numcode: 410
 - id: 114
   iso: KW
   name: KUWAIT
   printable_name: Kuwait
   iso3: KWT
   numcode: 414
 - id: 115
   iso: KG
   name: KYRGYZSTAN
   printable_name: Kyrgyzstan
   iso3: KGZ
   numcode: 417
 - id: 116
   iso: LA
   name: LAO PEOPLE'S DEMOCRATIC REPUBLIC
   printable_name: Lao People's Democratic Republic
   iso3: LAO
   numcode: 418
 - id: 117
   iso: LV
   name: LATVIA
   printable_name: Latvia
   iso3: LVA
   numcode: 428
 - id: 118
   iso: LB
   name: LEBANON
   printable_name: Lebanon
   iso3: LBN
   numcode: 422
 - id: 119
   iso: LS
   name: LESOTHO
   printable_name: Lesotho
   iso3: LSO
   numcode: 426
 - id: 120
   iso: LR
   name: LIBERIA
   printable_name: Liberia
   iso3: LBR
   numcode: 430
 - id: 121
   iso: LY
   name: LIBYAN ARAB JAMAHIRIYA
   printable_name: Libyan Arab Jamahiriya
   iso3: LBY
   numcode: 434
 - id: 122
   iso: LI
   name: LIECHTENSTEIN
   printable_name: Liechtenstein
   iso3: LIE
   numcode: 438
 - id: 123
   iso: LT
   name: LITHUANIA
   printable_name: Lithuania
   iso3: LTU
   numcode: 440
 - id: 124
   iso: LU
   name: LUXEMBOURG
   printable_name: Luxembourg
   iso3: LUX
   numcode: 442
 - id: 125
   iso: MO
   name: MACAO
   printable_name: Macao
   iso3: MAC
   numcode: 446
 - id: 126
   iso: MK
   name: MACEDONIA, THE FORMER YUGOSLAV REPUBLIC OF
   printable_name: Macedonia, the Former Yugoslav Republic of
   iso3: MKD
   numcode: 807
 - id: 127
   iso: MG
   name: MADAGASCAR
   printable_name: Madagascar
   iso3: MDG
   numcode: 450
 - id: 128
   iso: MW
   name: MALAWI
   printable_name: Malawi
   iso3: MWI
   numcode: 454
 - id: 129
   iso: MY
   name: MALAYSIA
   printable_name: Malaysia
   iso3: MYS
   numcode: 458
 - id: 130
   iso: MV
   name: MALDIVES
   printable_name: Maldives
   iso3: MDV
   numcode: 462
 - id: 131
   iso: ML
   name: MALI
   printable_name: Mali
   iso3: MLI
   numcode: 466
 - id: 132
   iso: MT
   name: MALTA
   printable_name: Malta
   iso3: MLT
   numcode: 470
 - id: 133
   iso: MH
   name: MARSHALL ISLANDS
   printable_name: Marshall Islands
   iso3: MHL
   numcode: 584
 - id: 134
   iso: MQ
   name: MARTINIQUE
   printable_name: Martinique
   iso3: MTQ
   numcode: 474
 - id: 135
   iso: MR
   name: MAURITANIA
   printable_name: Mauritania
   iso3: MRT
   numcode: 478
 - id: 136
   iso: MU
   name: MAURITIUS
   printable_name: Mauritius
   iso3: MUS
   numcode: 480
 - id: 137
   iso: YT
   name: MAYOTTE
   printable_name: Mayotte
   iso3: 
   numcode: 0
 - id: 138
   iso: MX
   name: MEXICO
   printable_name: Mexico
   iso3: MEX
   numcode: 484
 - id: 139
   iso: FM
   name: MICRONESIA, FEDERATED STATES OF
   printable_name: Micronesia, Federated States of
   iso3: FSM
   numcode: 583
 - id: 140
   iso: MD
   name: MOLDOVA, REPUBLIC OF
   printable_name: Moldova, Republic of
   iso3: MDA
   numcode: 498
 - id: 141
   iso: MC
   name: MONACO
   printable_name: Monaco
   iso3: MCO
   numcode: 492
 - id: 142
   iso: MN
   name: MONGOLIA
   printable_name: Mongolia
   iso3: MNG
   numcode: 496
 - id: 143
   iso: MS
   name: MONTSERRAT
   printable_name: Montserrat
   iso3: MSR
   numcode: 500
 - id: 144
   iso: MA
   name: MOROCCO
   printable_name: Morocco
   iso3: MAR
   numcode: 504
 - id: 145
   iso: MZ
   name: MOZAMBIQUE
   printable_name: Mozambique
   iso3: MOZ
   numcode: 508
 - id: 146
   iso: MM
   name: MYANMAR
   printable_name: Myanmar
   iso3: MMR
   numcode: 104
 - id: 147
   iso: NA
   name: NAMIBIA
   printable_name: Namibia
   iso3: NAM
   numcode: 516
 - id: 148
   iso: NR
   name: NAURU
   printable_name: Nauru
   iso3: NRU
   numcode: 520
 - id: 149
   iso: NP
   name: NEPAL
   printable_name: Nepal
   iso3: NPL
   numcode: 524
 - id: 150
   iso: NL
   name: NETHERLANDS
   printable_name: Netherlands
   iso3: NLD
   numcode: 528
 - id: 151
   iso: AN
   name: NETHERLANDS ANTILLES
   printable_name: Netherlands Antilles
   iso3: ANT
   numcode: 530
 - id: 152
   iso: NC
   name: NEW CALEDONIA
   printable_name: New Caledonia
   iso3: NCL
   numcode: 540
 - id: 153
   iso: NZ
   name: NEW ZEALAND
   printable_name: New Zealand
   iso3: NZL
   numcode: 554
 - id: 154
   iso: NI
   name: NICARAGUA
   printable_name: Nicaragua
   iso3: NIC
   numcode: 558
 - id: 155
   iso: NE
   name: NIGER
   printable_name: Niger
   iso3: NER
   numcode: 562
 - id: 156
   iso: NG
   name: NIGERIA
   printable_name: Nigeria
   iso3: NGA
   numcode: 566
 - id: 157
   iso: NU
   name: NIUE
   printable_name: Niue
   iso3: NIU
   numcode: 570
 - id: 158
   iso: NF
   name: NORFOLK ISLAND
   printable_name: Norfolk Island
   iso3: NFK
   numcode: 574
 - id: 159
   iso: MP
   name: NORTHERN MARIANA ISLANDS
   printable_name: Northern Mariana Islands
   iso3: MNP
   numcode: 580
 - id: 160
   iso: NO
   name: NORWAY
   printable_name: Norway
   iso3: NOR
   numcode: 578
 - id: 161
   iso: OM
   name: OMAN
   printable_name: Oman
   iso3: OMN
   numcode: 512
 - id: 162
   iso: PK
   name: PAKISTAN
   printable_name: Pakistan
   iso3: PAK
   numcode: 586
 - id: 163
   iso: PW
   name: PALAU
   printable_name: Palau
   iso3: PLW
   numcode: 585
 - id: 164
   iso: PS
   name: PALESTINIAN TERRITORY, OCCUPIED
   printable_name: Palestinian Territory, Occupied
   iso3: 
   numcode: 0
 - id: 165
   iso: PA
   name: PANAMA
   printable_name: Panama
   iso3: PAN
   numcode: 591
 - id: 166
   iso: PG
   name: PAPUA NEW GUINEA
   printable_name: Papua New Guinea
   iso3: PNG
   numcode: 598
 - id: 167
   iso: PY
   name: PARAGUAY
   printable_name: Paraguay
   iso3: PRY
   numcode: 600
 - id: 168
   iso: PE
   name: PERU
   printable_name: Peru
   iso3: PER
   numcode: 604
 - id: 169
   iso: PH
   name: PHILIPPINES
   printable_name: Philippines
   iso3: PHL
   numcode: 608
 - id: 170
   iso: PN
   name: PITCAIRN
   printable_name: Pitcairn
   iso3: PCN
   numcode: 612
 - id: 171
   iso: PL
   name: POLAND
   printable_name: Poland
   iso3: POL
   numcode: 616
 - id: 172
   iso: PT
   name: PORTUGAL
   printable_name: Portugal
   iso3: PRT
   numcode: 620
 - id: 173
   iso: PR
   name: PUERTO RICO
   printable_name: Puerto Rico
   iso3: PRI
   numcode: 630
 - id: 174
   iso: QA
   name: QATAR
   printable_name: Qatar
   iso3: QAT
   numcode: 634
 - id: 175
   iso: RE
   name: REUNION
   printable_name: Reunion
   iso3: REU
   numcode: 638
 - id: 176
   iso: RO
   name: ROMANIA
   printable_name: Romania
   iso3: ROM
   numcode: 642
 - id: 177
   iso: RU
   name: RUSSIAN FEDERATION
   printable_name: Russian Federation
   iso3: RUS
   numcode: 643
 - id: 178
   iso: RW
   name: RWANDA
   printable_name: Rwanda
   iso3: RWA
   numcode: 646
 - id: 179
   iso: SH
   name: SAINT HELENA
   printable_name: Saint Helena
   iso3: SHN
   numcode: 654
 - id: 180
   iso: KN
   name: SAINT KITTS AND NEVIS
   printable_name: Saint Kitts and Nevis
   iso3: KNA
   numcode: 659
 - id: 181
   iso: LC
   name: SAINT LUCIA
   printable_name: Saint Lucia
   iso3: LCA
   numcode: 662
 - id: 182
   iso: PM
   name: SAINT PIERRE AND MIQUELON
   printable_name: Saint Pierre and Miquelon
   iso3: SPM
   numcode: 666
 - id: 183
   iso: VC
   name: SAINT VINCENT AND THE GRENADINES
   printable_name: Saint Vincent and the Grenadines
   iso3: VCT
   numcode: 670
 - id: 184
   iso: WS
   name: SAMOA
   printable_name: Samoa
   iso3: WSM
   numcode: 882
 - id: 185
   iso: SM
   name: SAN MARINO
   printable_name: San Marino
   iso3: SMR
   numcode: 674
 - id: 186
   iso: ST
   name: SAO TOME AND PRINCIPE
   printable_name: Sao Tome and Principe
   iso3: STP
   numcode: 678
 - id: 187
   iso: SA
   name: SAUDI ARABIA
   printable_name: Saudi Arabia
   iso3: SAU
   numcode: 682
 - id: 188
   iso: SN
   name: SENEGAL
   printable_name: Senegal
   iso3: SEN
   numcode: 686
 - id: 189
   iso: CS
   name: SERBIA AND MONTENEGRO
   printable_name: Serbia and Montenegro
   iso3: 
   numcode: 0
 - id: 190
   iso: SC
   name: SEYCHELLES
   printable_name: Seychelles
   iso3: SYC
   numcode: 690
 - id: 191
   iso: SL
   name: SIERRA LEONE
   printable_name: Sierra Leone
   iso3: SLE
   numcode: 694
 - id: 192
   iso: SG
   name: SINGAPORE
   printable_name: Singapore
   iso3: SGP
   numcode: 702
 - id: 193
   iso: SK
   name: SLOVAKIA
   printable_name: Slovakia
   iso3: SVK
   numcode: 703
 - id: 194
   iso: SI
   name: SLOVENIA
   printable_name: Slovenia
   iso3: SVN
   numcode: 705
 - id: 195
   iso: SB
   name: SOLOMON ISLANDS
   printable_name: Solomon Islands
   iso3: SLB
   numcode: 90
 - id: 196
   iso: SO
   name: SOMALIA
   printable_name: Somalia
   iso3: SOM
   numcode: 706
 - id: 197
   iso: ZA
   name: SOUTH AFRICA
   printable_name: South Africa
   iso3: ZAF
   numcode: 710
 - id: 198
   iso: GS
   name: SOUTH GEORGIA AND THE SOUTH SANDWICH ISLANDS
   printable_name: South Georgia and the South Sandwich Islands
   iso3: 
   numcode: 0
 - id: 199
   iso: ES
   name: SPAIN
   printable_name: Spain
   iso3: ESP
   numcode: 724
 - id: 200
   iso: LK
   name: SRI LANKA
   printable_name: Sri Lanka
   iso3: LKA
   numcode: 144
 - id: 201
   iso: SD
   name: SUDAN
   printable_name: Sudan
   iso3: SDN
   numcode: 736
 - id: 202
   iso: SR
   name: SURINAME
   printable_name: Suriname
   iso3: SUR
   numcode: 740
 - id: 203
   iso: SJ
   name: SVALBARD AND JAN MAYEN
   printable_name: Svalbard and Jan Mayen
   iso3: SJM
   numcode: 744
 - id: 204
   iso: SZ
   name: SWAZILAND
   printable_name: Swaziland
   iso3: SWZ
   numcode: 748
 - id: 205
   iso: SE
   name: SWEDEN
   printable_name: Sweden
   iso3: SWE
   numcode: 752
 - id: 206
   iso: CH
   name: SWITZERLAND
   printable_name: Switzerland
   iso3: CHE
   numcode: 756
 - id: 207
   iso: SY
   name: SYRIAN ARAB REPUBLIC
   printable_name: Syrian Arab Republic
   iso3: SYR
   numcode: 760
 - id: 208
   iso: TW
   name: TAIWAN, PROVINCE OF CHINA
   printable_name: Taiwan, Province of China
   iso3: TWN
   numcode: 158
 - id: 209
   iso: TJ
   name: TAJIKISTAN
   printable_name: Tajikistan
   iso3: TJK
   numcode: 762
 - id: 210
   iso: TZ
   name: TANZANIA, UNITED REPUBLIC OF
   printable_name: Tanzania, United Republic of
   iso3: TZA
   numcode: 834
 - id: 211
   iso: TH
   name: THAILAND
   printable_name: Thailand
   iso3: THA
   numcode: 764
 - id: 212
   iso: TL
   name: TIMOR-LESTE
   printable_name: Timor-Leste
   iso3: 
   numcode: 0
 - id: 213
   iso: TG
   name: TOGO
   printable_name: Togo
   iso3: TGO
   numcode: 768
 - id: 214
   iso: TK
   name: TOKELAU
   printable_name: Tokelau
   iso3: TKL
   numcode: 772
 - id: 215
   iso: TO
   name: TONGA
   printable_name: Tonga
   iso3: TON
   numcode: 776
 - id: 216
   iso: TT
   name: TRINIDAD AND TOBAGO
   printable_name: Trinidad and Tobago
   iso3: TTO
   numcode: 780
 - id: 217
   iso: TN
   name: TUNISIA
   printable_name: Tunisia
   iso3: TUN
   numcode: 788
 - id: 218
   iso: TR
   name: TURKEY
   printable_name: Turkey
   iso3: TUR
   numcode: 792
 - id: 219
   iso: TM
   name: TURKMENISTAN
   printable_name: Turkmenistan
   iso3: TKM
   numcode: 795
 - id: 220
   iso: TC
   name: TURKS AND CAICOS ISLANDS
   printable_name: Turks and Caicos Islands
   iso3: TCA
   numcode: 796
 - id: 221
   iso: TV
   name: TUVALU
   printable_name: Tuvalu
   iso3: TUV
   numcode: 798
 - id: 222
   iso: UG
   name: UGANDA
   printable_name: Uganda
   iso3: UGA
   numcode: 800
 - id: 223
   iso: UA
   name: UKRAINE
   printable_name: Ukraine
   iso3: UKR
   numcode: 804
 - id: 224
   iso: AE
   name: UNITED ARAB EMIRATES
   printable_name: United Arab Emirates
   iso3: ARE
   numcode: 784
 - id: 225
   iso: GB
   name: UNITED KINGDOM
   printable_name: United Kingdom
   iso3: GBR
   numcode: 826
 - id: 226
   iso: US
   name: UNITED STATES
   printable_name: United States
   iso3: USA
   numcode: 840
 - id: 227
   iso: UM
   name: UNITED STATES MINOR OUTLYING ISLANDS
   printable_name: United States Minor Outlying Islands
   iso3: 
   numcode: 0
 - id: 228
   iso: UY
   name: URUGUAY
   printable_name: Uruguay
   iso3: URY
   numcode: 858
 - id: 229
   iso: UZ
   name: UZBEKISTAN
   printable_name: Uzbekistan
   iso3: UZB
   numcode: 860
 - id: 230
   iso: VU
   name: VANUATU
   printable_name: Vanuatu
   iso3: VUT
   numcode: 548
 - id: 231
   iso: VE
   name: VENEZUELA
   printable_name: Venezuela
   iso3: VEN
   numcode: 862
 - id: 232
   iso: VN
   name: VIET NAM
   printable_name: Viet Nam
   iso3: VNM
   numcode: 704
 - id: 233
   iso: VG
   name: VIRGIN ISLANDS, BRITISH
   printable_name: Virgin Islands, British
   iso3: VGB
   numcode: 92
 - id: 234
   iso: VI
   name: VIRGIN ISLANDS, U.S.
   printable_name: Virgin Islands, U.s.
   iso3: VIR
   numcode: 850
 - id: 235
   iso: WF
   name: WALLIS AND FUTUNA
   printable_name: Wallis and Futuna
   iso3: WLF
   numcode: 876
 - id: 236
   iso: EH
   name: WESTERN SAHARA
   printable_name: Western Sahara
   iso3: ESH
   numcode: 732
 - id: 237
   iso: YE
   name: YEMEN
   printable_name: Yemen
   iso3: YEM
   numcode: 887
 - id: 238
   iso: ZM
   name: ZAMBIA
   printable_name: Zambia
   iso3: ZMB
   numcode: 894
 - id: 239
   iso: ZW
   name: ZIMBABWE
   printable_name: Zimbabwe
   iso3: ZWE
   numcode: 716
 - id: 240
   iso: NC
   name: NO COUNTRY
   printable_name: No Country
   iso3: NC
   numcode: 999   
